filename,map,duration_s,players,shape,usable
2020-07-17-0818-bctf01.dm2,bctf01,128.4,0,client(human),False
2020-07-17-0821-bctf01.dm2,bctf01,351.5,1,client(human),True
lmctf-2020-07-10-bmap13-16.38.dm2,bmap13,821.6,0,client(human),True
lmctf-2020-07-10-bmap28-16.37.dm2,bmap28,5.5,0,client(human),False
lmctf-2020-07-10-bmap33-16.35.dm2,bmap33,22.7,0,client(human),False
lmctf-2020-07-10-q2uctf4-16.34.dm2,q2uctf4,13.0,0,client(human),False
lmctf-2020-07-10-q2uctf8-16.34.dm2,q2uctf8,15.5,0,client(human),False
lmctf-2020-07-12-bmap1-09.59.dm2,bmap1,12.3,0,client(human),False
lmctf-2020-07-12-geminictf-09.59.dm2,geminictf,11.2,0,client(human),False
lmctf-2020-07-12-graphap-09.59.dm2,graphap,7.0,0,client(human),False
lmctf-2020-07-12-nectf1-09.59.dm2,nectf1,3.3,0,client(human),False
lmctf-2021-08-22-lmctf04-20.40.dm2,lmctf04,948.2,9,client(human),True
lmctf-2021-08-22-lmctf10-20.56.dm2,lmctf10,987.0,10,client(human),True
lmctf-2021-08-22-lmctf14-21.13.dm2,lmctf14,22.9,4,client(human),False
lmctf-2021-08-22-lmctf24-20.56.dm2,lmctf24,16.8,4,client(human),False
lmctf-2021-08-22-lmctf26-21.12.dm2,lmctf26,18.4,4,client(human),False
lmctf-2021-10-15-lmctf09-22.20.dm2,lmctf09,1006.9,7,client(human),True
lmctf-2021-10-15-lmctf38-21.41.dm2,lmctf38,38.3,6,client(human),False
lmctf-2021-10-15-lmctf39-22.19.dm2,lmctf39,72.7,5,client(human),False
lmctf-2021-10-15-lmctf41-21.21.dm2,lmctf41,1179.2,10,client(human),True
lmctf-2021-10-15-smap05-21.42.dm2,smap05,826.1,9,client(human),True
lmctf-2021-10-15-smap05-21.55.dm2,smap05,1300.6,8,client(human),True
lmctf-2021-10-18-lmctf01-20.29.dm2,lmctf01,1.3,0,client(human),False
lmctf-2021-10-18-lmctf01-20.37.dm2,lmctf01,146.5,9,client(human),False
lmctf-2021-10-18-lmctf01-21.29.dm2,lmctf01,121.7,6,client(human),False
lmctf-2021-10-18-lmctf02c-21.08.dm2,lmctf02c,27.3,4,client(human),False
lmctf-2021-10-18-lmctf24-20.29.dm2,lmctf24,51.5,1,client(human),False
lmctf-2021-10-18-lmctf41-21.08.dm2,lmctf41,107.1,8,client(human),False
lmctf-2021-10-18-lmctf41-21.10.dm2,lmctf41,1104.1,10,client(human),True
lmctf-2021-10-18-lmctf58-20.31.dm2,lmctf58,262.5,8,client(human),False
lmctf-2021-10-18-smap05-21.31.dm2,smap05,114.7,9,client(human),False
lmctf-2021-10-18-smap05-21.33.dm2,smap05,1348.8,10,client(human),True
lmctf-2021-10-18-smap33-20.40.dm2,smap33,238.5,10,client(human),False
lmctf-2021-10-18-smap33-20.44.dm2,smap33,1457.1,12,client(human),True
lmctf-2021-10-24-lmctf26-21.17.dm2,lmctf26,105.7,1,client(human),False
lmctf-2021-10-24-lmctf26-21.19.dm2,lmctf26,700.7,4,client(human),True
lmctf-2021-10-24-lmctf26-21.44.dm2,lmctf26,629.4,4,client(human),True
lmctf-2021-10-24-lmctf35-21.31.dm2,lmctf35,767.3,5,client(human),True
lmctf-2021-10-24-lmctf44-22.14.dm2,lmctf44,106.1,4,client(human),False
lmctf-2021-10-24-lmctf63-21.54.dm2,lmctf63,1203.7,5,client(human),True
lmctf-2021-10-27-lmctf12-21.14.dm2,lmctf12,14.8,3,client(human),False
lmctf-2021-10-27-lmctf26-20.51.dm2,lmctf26,107.0,10,client(human),False
lmctf-2021-10-27-lmctf26-20.52.dm2,lmctf26,1303.0,10,client(human),True
lmctf-2021-10-27-lmctf35-20.33.dm2,lmctf35,1.0,0,client(human),False
lmctf-2021-10-27-lmctf35-20.34.dm2,lmctf35,994.3,10,client(human),True
lmctf-2021-10-27-lmctf35-21.14.dm2,lmctf35,171.6,9,client(human),False
lmctf-2021-10-27-lmctf35-21.17.dm2,lmctf35,637.3,7,client(human),True
lmctf-2021-10-29-lmctf22-20.30.dm2,lmctf22,105.2,5,client(human),False
lmctf-2021-10-29-lmctf24-20.31.dm2,lmctf24,21.2,4,client(human),False
lmctf-2021-10-29-lmctf43-21.04.dm2,lmctf43,437.4,10,client(human),True
lmctf-2021-10-29-lmctf43-21.11.dm2,lmctf43,1366.6,10,client(human),True
lmctf-2021-10-29-lmctf54-21.11.dm2,lmctf54,13.1,3,client(human),False
lmctf-2021-10-29-smap17-20.32.dm2,smap17,625.2,10,client(human),True
lmctf-2021-10-29-smap17-20.42.dm2,smap17,1304.1,10,client(human),True
lmctf-2021-11-02-lmctf01-21.08.dm2,lmctf01,141.8,4,client(human),False
lmctf-2021-11-02-lmctf32-21.32.dm2,lmctf32,338.8,10,client(human),True
lmctf-2021-11-02-lmctf32-21.38.dm2,lmctf32,222.6,8,client(human),False
lmctf-2021-11-02-lmctf32-21.41.dm2,lmctf32,1395.8,2,client(human),True
lmctf-2021-11-02-lmctf39-20.38.dm2,lmctf39,414.6,10,client(human),True
lmctf-2021-11-02-lmctf39-20.45.dm2,lmctf39,1372.4,10,client(human),True
lmctf-2021-11-02-lmctf41-20.19.dm2,lmctf41,2.4,0,client(human),False
lmctf-2021-11-02-lmctf42-20.37.dm2,lmctf42,53.6,4,client(human),False
lmctf-2021-11-02-lmctf57-20.20.dm2,lmctf57,990.5,4,client(human),True
lmctf-2021-11-02-lmctf57-21.10.dm2,lmctf57,195.9,10,client(human),False
lmctf-2021-11-02-lmctf57-21.13.dm2,lmctf57,1115.4,10,client(human),True
lmctf-2021-11-02-smap06-20.19.dm2,smap06,40.7,1,client(human),False
lmctf-2021-11-10-lmctf09-20.51.dm2,lmctf09,24.1,4,client(human),False
lmctf-2021-11-10-lmctf15-21.18.dm2,lmctf15,19.2,3,client(human),False
lmctf-2021-11-10-lmctf16-21.49.dm2,lmctf16,12.0,3,client(human),False
lmctf-2021-11-10-lmctf20-19.33.dm2,lmctf20,73.0,0,client(human),False
lmctf-2021-11-10-lmctf31-19.37.dm2,lmctf31,12.7,1,client(human),False
lmctf-2021-11-10-lmctf31-20.32.dm2,lmctf31,1.0,0,client(human),False
lmctf-2021-11-10-lmctf31-20.33.dm2,lmctf31,1038.0,11,client(human),True
lmctf-2021-11-10-lmctf31-20.50.dm2,lmctf31,77.6,9,client(human),False
lmctf-2021-11-10-lmctf31-20.52.dm2,lmctf31,218.8,9,client(human),False
lmctf-2021-11-10-lmctf31-20.55.dm2,lmctf31,1329.4,10,client(human),True
lmctf-2021-11-10-lmctf41-19.33.dm2,lmctf41,2.0,0,client(human),False
lmctf-2021-11-10-lmctf41-19.35.dm2,lmctf41,15.3,1,client(human),False
lmctf-2021-11-10-smap06-19.36.dm2,smap06,48.6,1,client(human),False
lmctf-2021-11-10-smap06-21.18.dm2,smap06,115.6,8,client(human),False
lmctf-2021-11-10-smap06-21.20.dm2,smap06,454.0,10,client(human),True
lmctf-2021-11-10-smap06-21.27.dm2,smap06,1282.5,10,client(human),True
lmctf-2021-11-10-xmap20-19.37.dm2,xmap20,14.8,1,client(human),False
lmctf-2021-11-10-xmap20-21.49.dm2,xmap20,268.8,10,client(human),False
lmctf-2021-11-10-xmap20-21.53.dm2,xmap20,1039.2,10,client(human),True
lmctf-2021-11-14-lmctf22-20.32.dm2,lmctf22,407.9,6,client(human),True
lmctf-2021-11-14-lmctf22-21.00.dm2,lmctf22,56.8,9,client(human),False
lmctf-2021-11-14-lmctf22-21.01.dm2,lmctf22,919.6,10,client(human),True
lmctf-2021-11-14-lmctf26-20.39.dm2,lmctf26,38.4,0,client(human),False
lmctf-2021-11-14-lmctf28-21.00.dm2,lmctf28,16.9,3,client(human),False
lmctf-2021-11-14-smap26-20.40.dm2,smap26,1204.6,11,client(human),True
lmctf-2021-11-14-smap26-21.18.dm2,smap26,234.4,10,client(human),False
lmctf-2021-11-14-smap26-21.21.dm2,smap26,1318.8,8,client(human),True
lmctf-2021-11-20-lmctf01-14.50.dm2,lmctf01,1.0,0,client(human),False
lmctf-2021-11-20-lmctf01-14.53.dm2,lmctf01,1.2,0,client(human),False
lmctf-2021-11-20-lmctf22-14.39.dm2,lmctf22,114.4,1,client(human),False
lmctf-2021-11-20-lmctf41-14.54.dm2,lmctf41,53.5,1,client(human),False
lmctf-2021-11-22-lmctf01-20.06.dm2,lmctf01,3.8,0,client(human),False
lmctf-2021-11-22-lmctf01-20.44.dm2,lmctf01,9.1,0,client(human),False
lmctf-2021-11-22-lmctf01-21.10.dm2,lmctf01,1.0,0,client(human),False
lmctf-2021-11-22-lmctf09-20.44.dm2,lmctf09,7.1,0,client(human),False
lmctf-2021-11-22-lmctf09-20.58.dm2,lmctf09,350.0,10,client(human),True
lmctf-2021-11-22-lmctf11-21.04.dm2,lmctf11,305.9,6,client(human),True
lmctf-2021-11-22-lmctf12-20.03.dm2,lmctf12,18.6,0,client(human),False
lmctf-2021-11-22-lmctf22-20.47.dm2,lmctf22,3.3,0,client(human),False
lmctf-2021-11-22-lmctf22-21.43.dm2,lmctf22,118.1,10,client(human),False
lmctf-2021-11-22-lmctf22-21.45.dm2,lmctf22,1032.8,11,client(human),True
lmctf-2021-11-22-lmctf39-21.14.dm2,lmctf39,560.2,9,client(human),True
lmctf-2021-11-22-lmctf41-20.00.dm2,lmctf41,1.2,0,client(human),False
lmctf-2021-11-22-lmctf41-20.37.dm2,lmctf41,1.3,0,client(human),False
lmctf-2021-11-22-lmctf41-21.23.dm2,lmctf41,121.1,10,client(human),False
lmctf-2021-11-22-lmctf41-21.25.dm2,lmctf41,1051.3,10,client(human),True
lmctf-2021-11-22-lmctf44-20.02.dm2,lmctf44,1.0,0,client(human),False
lmctf-2021-11-22-lmctf44-20.04.dm2,lmctf44,1.0,0,client(human),False
lmctf-2021-11-22-lmctf44-20.12.dm2,lmctf44,1.0,2,client(human),False
lmctf-2021-11-22-lmctf44-20.16.dm2,lmctf44,1.0,0,client(human),False
lmctf-2021-11-22-lmctf44-21.11.dm2,lmctf44,158.6,8,client(human),False
lmctf-2021-11-22-lmctf53-20.02.dm2,lmctf53,1.2,0,client(human),False
lmctf-2021-11-22-lmctf53-20.03.dm2,lmctf53,1.1,0,client(human),False
lmctf-2021-11-22-lmctf54-20.10.dm2,lmctf54,1.0,0,client(human),False
lmctf-2021-11-22-lmctf58-20.34.dm2,lmctf58,1.0,0,client(human),False
lmctf-2021-11-22-lmctf58-20.37.dm2,lmctf58,1.0,0,client(human),False
lmctf-2021-11-22-lmctf58-20.41.dm2,lmctf58,1.0,0,client(human),False
lmctf-2021-11-22-q2dm1-20.06.dm2,q2dm1,0.0,0,client(human),False
lmctf-2021-11-22-q2dm1-20.44.dm2,q2dm1,0.0,0,client(human),False
lmctf-2021-11-22-smap06-20.45.dm2,smap06,100.7,0,client(human),False
lmctf-2021-11-22-smap32-20.04.dm2,smap32,19.5,0,client(human),False
lmctf-2021-11-22-smap46-20.07.dm2,smap46,1.1,0,client(human),False
lmctf-2021-11-22-smap46-20.19.dm2,smap46,1.2,0,client(human),False
lmctf-2021-11-26-lmctf01-15.30.dm2,lmctf01,1.0,0,client(human),False
lmctf-2021-11-26-lmctf01-15.36.dm2,lmctf01,1.0,0,client(human),False
lmctf-2021-11-26-lmctf01-15.41.dm2,lmctf01,1.0,0,client(human),False
lmctf-2021-11-26-lmctf01-15.42.dm2,lmctf01,1.0,0,client(human),False
lmctf-2021-11-26-lmctf01-15.43.dm2,lmctf01,1.0,0,client(human),False
lmctf-2021-11-26-lmctf01-15.44.dm2,lmctf01,1.0,0,client(human),False
lmctf-2021-11-26-lmctf01-17.57.dm2,lmctf01,1.0,0,client(human),False
lmctf-2021-11-26-lmctf01-18.02.dm2,lmctf01,16.7,1,client(human),False
lmctf-2021-11-26-lmctf01-18.03.dm2,lmctf01,0.9,0,client(human),False
lmctf-2021-11-26-lmctf02c-17.57.dm2,lmctf02c,3.9,0,client(human),False
lmctf-2021-11-26-lmctf02c-18.00.dm2,lmctf02c,26.3,1,client(human),False
lmctf-2021-11-26-lmctf03-18.04.dm2,lmctf03,8.8,1,client(human),False
lmctf-2021-11-26-lmctf11-15.53.dm2,lmctf11,38.6,1,client(human),False
lmctf-2021-11-26-lmctf15-18.03.dm2,lmctf15,19.9,0,client(human),False
lmctf-2021-11-26-lmctf15-18.04.dm2,lmctf15,10.2,0,client(human),False
lmctf-2021-11-26-lmctf50-18.03.dm2,lmctf50,5.0,0,client(human),False
lmctf-2021-12-14-lmctf24-20.30.dm2,lmctf24,8.4,2,client(human),False
lmctf-2021-12-14-lmctf26-21.09.dm2,lmctf26,23.2,2,client(human),False
lmctf-2021-12-14-lmctf44-21.10.dm2,lmctf44,71.1,10,client(human),False
lmctf-2021-12-14-lmctf44-21.11.dm2,lmctf44,1410.6,8,client(human),True
lmctf-2021-12-14-lmctf54-20.30.dm2,lmctf54,2.8,1,client(human),False
lmctf-2021-12-14-lmctf58-20.23.dm2,lmctf58,1.0,0,client(human),False
lmctf-2021-12-14-lmctf58-20.24.dm2,lmctf58,355.0,6,client(human),True
lmctf-2021-12-14-lmctf58-20.30.dm2,lmctf58,1023.1,9,client(human),True
lmctf-2021-12-14-lmctf58-20.47.dm2,lmctf58,1319.4,10,client(human),True
lmctf-2022-01-13-lmctf01-20.48.dm2,lmctf01,0.3,0,client(human),False
lmctf-2022-01-13-lmctf22-21.38.dm2,lmctf22,61.9,9,client(human),False
lmctf-2022-01-13-lmctf37-20.30.dm2,lmctf37,74.8,5,client(human),False
lmctf-2022-01-13-lmctf51-20.45.dm2,lmctf51,0.8,2,client(human),False
lmctf-2022-01-13-lmctf52-20.20.dm2,lmctf52,639.0,5,client(human),True
lmctf-2022-01-13-lmctf52-20.45.dm2,lmctf52,153.9,5,client(human),False
lmctf-2022-01-13-lmctf52-20.48.dm2,lmctf52,312.9,10,client(human),True
lmctf-2022-01-13-lmctf52-20.53.dm2,lmctf52,1295.8,10,client(human),True
lmctf-2022-01-13-smap29-20.32.dm2,smap29,789.9,9,client(human),True
lmctf-2022-01-13-smap30-21.15.dm2,smap30,71.6,8,client(human),False
lmctf-2022-01-13-smap30-21.16.dm2,smap30,186.0,10,client(human),False
lmctf-2022-01-13-smap30-21.19.dm2,smap30,1151.2,10,client(human),True
lmctf-2022-02-08-lmctf01-20.32.dm2,lmctf01,4.0,0,client(human),False
lmctf-2022-02-08-lmctf01-21.18.dm2,lmctf01,0.9,0,client(human),False
lmctf-2022-02-08-lmctf09-20.44.dm2,lmctf09,96.3,7,client(human),False
lmctf-2022-02-08-lmctf11-20.46.dm2,lmctf11,92.7,0,client(human),False
lmctf-2022-02-08-lmctf14-20.13.dm2,lmctf14,47.1,6,client(human),False
lmctf-2022-02-08-lmctf15-20.32.dm2,lmctf15,232.8,0,client(human),False
lmctf-2022-02-08-lmctf15-20.44.dm2,lmctf15,3.6,2,client(human),False
lmctf-2022-02-08-lmctf16-21.18.dm2,lmctf16,908.8,1,client(human),True
lmctf-2022-02-08-mactf06-20.01.dm2,mactf06,652.4,10,client(human),True
lmctf-2022-02-08-mactf06-20.12.dm2,mactf06,0.9,2,client(human),False
lmctf-2022-02-08-mactf06-20.13.dm2,mactf06,8.2,2,client(human),False
lmctf-2022-02-08-mactf06-20.14.dm2,mactf06,118.6,10,client(human),False
lmctf-2022-02-08-mactf06-20.18.dm2,mactf06,11.2,3,client(human),False
lmctf-2022-02-08-mactf06-20.20.dm2,mactf06,115.3,10,client(human),False
lmctf-2022-02-08-mactf06-20.37.dm2,mactf06,383.1,10,client(human),True
lmctf-2022-02-15-lmctf01-20.21.dm2,lmctf01,0.5,0,client(human),False
lmctf-2022-02-15-lmctf01-20.28.dm2,lmctf01,56.5,0,client(human),False
lmctf-2022-02-15-lmctf01-20.29.dm2,lmctf01,770.4,7,client(human),True
lmctf-2022-02-15-lmctf02c-20.21.dm2,lmctf02c,423.5,1,client(human),True
lmctf-2022-02-15-lmctf03-21.16.dm2,lmctf03,66.2,5,client(human),False
lmctf-2022-02-15-lmctf09-21.17.dm2,lmctf09,240.4,10,client(human),False
lmctf-2022-02-15-lmctf09-21.21.dm2,lmctf09,1362.5,10,client(human),True
lmctf-2022-02-15-mactf06-20.42.dm2,mactf06,762.9,10,client(human),True
lmctf-2022-02-15-mactf06-20.54.dm2,mactf06,1321.5,10,client(human),True
lmctf-2022-02-15-smap47-21.44.dm2,smap47,170.3,10,client(human),False
lmctf-2022-02-15-smap47-21.48.dm2,smap47,1134.6,3,client(human),True
lmctf-2022-02-17-lmctf13-20.38.dm2,lmctf13,16.5,4,client(human),False
lmctf-2022-02-17-lmctf14-21.08.dm2,lmctf14,32.6,4,client(human),False
lmctf-2022-02-17-lmctf48-20.24.dm2,lmctf48,831.3,8,client(human),True
lmctf-2022-02-17-lmctf48-20.40.dm2,lmctf48,316.8,10,client(human),True
lmctf-2022-02-17-lmctf48-20.45.dm2,lmctf48,1369.2,10,client(human),True
lmctf-2022-02-17-lmctf74-20.38.dm2,lmctf74,104.8,9,client(human),False
lmctf-2022-02-17-lmctf74-21.09.dm2,lmctf74,199.6,9,client(human),False
lmctf-2022-02-17-lmctf74-21.12.dm2,lmctf74,273.4,10,client(human),False
lmctf-2022-02-17-lmctf74-21.17.dm2,lmctf74,78.9,8,client(human),False
lmctf-2022-02-17-lmctf74-21.18.dm2,lmctf74,259.2,10,client(human),False
lmctf-2022-02-17-lmctf74-21.22.dm2,lmctf74,1244.9,9,client(human),True
lmctf-2022-02-23-LMCTF35-21.06.dm2,LMCTF35,372.4,4,client(human),True
lmctf-2022-02-23-lmctf39-20.45.dm2,lmctf39,347.3,4,client(human),True
lmctf-2022-02-23-smap33-20.51.dm2,smap33,852.9,6,client(human),True
lmctf-2022-03-21-lmctf01-20.33.dm2,lmctf01,393.6,9,client(human),True
lmctf-2022-03-21-lmctf09-20.33.dm2,lmctf09,1.8,1,client(human),False
lmctf-2022-03-21-lmctf10-20.52.dm2,lmctf10,23.8,3,client(human),False
lmctf-2022-03-21-lmctf21-20.40.dm2,lmctf21,180.5,10,client(human),False
lmctf-2022-03-21-lmctf21-20.43.dm2,lmctf21,554.3,10,client(human),True
lmctf-2022-03-21-lmctf22-20.32.dm2,lmctf22,59.4,7,client(human),False
lmctf-2022-03-21-smap30-20.53.dm2,smap30,492.6,10,client(human),True
lmctf-2022-03-21-smap30-21.01.dm2,smap30,1304.3,6,client(human),True
lmctf-2022-03-28-lmctf09-20.27.dm2,lmctf09,102.3,5,client(human),False
lmctf-2022-03-28-lmctf14-20.42.dm2,lmctf14,16.5,5,client(human),False
lmctf-2022-03-28-lmctf48-20.29.dm2,lmctf48,160.0,2,client(human),False
lmctf-2022-03-28-lmctf54-20.32.dm2,lmctf54,575.2,9,client(human),True
lmctf-2022-03-28-lmctf74-20.26.dm2,lmctf74,62.8,4,client(human),False
lmctf-2022-03-28-lmctf74-20.42.dm2,lmctf74,411.8,7,client(human),True
lmctf-2022-04-18-lmctf01-20.06.dm2,lmctf01,1.1,0,client(human),False
lmctf-2022-04-18-lmctf01-20.07.dm2,lmctf01,1.2,0,client(human),False
lmctf-2022-04-18-lmctf01-20.08.dm2,lmctf01,10.7,0,client(human),False
lmctf-2022-04-18-lmctf01-20.14.dm2,lmctf01,272.6,1,client(human),False
lmctf-2022-04-18-lmctf01-20.19.dm2,lmctf01,234.9,3,client(human),False
lmctf-2022-04-18-lmctf09-21.00.dm2,lmctf09,212.8,9,client(human),False
lmctf-2022-04-18-lmctf21-20.08.dm2,lmctf21,353.2,2,client(human),True
lmctf-2022-04-18-lmctf22-21.00.dm2,lmctf22,10.7,1,client(human),False
lmctf-2022-04-18-lmctf24-21.29.dm2,lmctf24,9.8,2,client(human),False
lmctf-2022-04-18-lmctf48-20.32.dm2,lmctf48,237.9,10,client(human),False
lmctf-2022-04-18-lmctf48-20.36.dm2,lmctf48,1403.5,10,client(human),True
lmctf-2022-04-18-lmctf54-20.23.dm2,lmctf54,557.5,9,client(human),True
lmctf-2022-04-18-lmctf54-21.03.dm2,lmctf54,147.5,10,client(human),False
lmctf-2022-04-18-lmctf54-21.06.dm2,lmctf54,1379.4,10,client(human),True
lmctf-2022-04-18-lmctf57-21.29.dm2,lmctf57,338.9,10,client(human),True
lmctf-2022-04-18-lmctf57-21.35.dm2,lmctf57,1702.6,9,client(human),True
lmctf-2022-05-02-lmctf04-20.47.dm2,lmctf04,143.4,6,client(human),False
lmctf-2022-05-02-lmctf09-20.50.dm2,lmctf09,284.9,10,client(human),False
lmctf-2022-05-02-lmctf09-20.54.dm2,lmctf09,1566.3,10,client(human),True
lmctf-2022-05-02-lmctf09-21.21.dm2,lmctf09,26.9,6,client(human),False
lmctf-2022-05-02-smap05-20.47.dm2,smap05,1.0,0,client(human),False
lmctf-2022-05-02-smap05-21.21.dm2,smap05,89.1,7,client(human),False
lmctf-2022-05-02-smap05-21.23.dm2,smap05,590.6,10,client(human),True
lmctf-2022-05-16-lmctf21-21.37.dm2,lmctf21,395.0,10,client(human),True
lmctf-2022-05-16-lmctf32-21.08.dm2,lmctf32,370.6,10,client(human),True
lmctf-2022-05-16-lmctf32-21.14.dm2,lmctf32,1368.1,10,client(human),True
lmctf-2022-05-16-lmctf44-21.43.dm2,lmctf44,150.9,9,client(human),False
lmctf-2022-05-16-lmctf44-21.46.dm2,lmctf44,1363.0,7,client(human),True
lmctf-2022-05-16-xmap20-20.37.dm2,xmap20,345.3,10,client(human),True
lmctf-2022-05-16-xmap20-20.43.dm2,xmap20,1473.1,10,client(human),True
lmctf-2022-06-13-lmctf03-20.48.dm2,lmctf03,92.5,7,client(human),False
lmctf-2022-06-13-lmctf04-21.28.dm2,lmctf04,10.7,1,client(human),False
lmctf-2022-06-13-lmctf22-20.49.dm2,lmctf22,993.2,9,client(human),True
lmctf-2022-06-13-lmctf52-20.40.dm2,lmctf52,480.0,8,client(human),True
lmctf-2022-06-13-smap26-21.06.dm2,smap26,40.3,5,client(human),False
lmctf-2022-06-13-smap33-21.07.dm2,smap33,1281.5,7,client(human),True
lmctf-2023-10-03-lmctf01-20.01.dm2,lmctf01,2.6,0,client(human),False
lmctf-2023-10-03-lmctf09-20.45.dm2,lmctf09,208.3,6,client(human),False
lmctf-2023-10-03-lmctf15-20.01.dm2,lmctf15,71.9,1,client(human),False
lmctf-2023-10-03-lmctf16-20.26.dm2,lmctf16,70.2,3,client(human),False
lmctf-2023-10-03-lmctf18-20.44.dm2,lmctf18,32.6,1,client(human),False
lmctf-2023-10-03-lmctf20-21.09.dm2,lmctf20,7.4,2,client(human),False
lmctf-2023-10-03-lmctf21-21.29.dm2,lmctf21,38.6,6,client(human),False
lmctf-2023-10-03-lmctf47-20.27.dm2,lmctf47,1013.2,8,client(human),True
lmctf-2023-10-03-lmctf63-21.09.dm2,lmctf63,65.0,8,client(human),False
lmctf-2023-10-03-lmctf63-21.10.dm2,lmctf63,1159.5,7,client(human),True
lmctf-2023-10-03-lmctf76-20.48.dm2,lmctf76,1225.1,9,client(human),True
lmctf-2023-10-03-smap30-21.30.dm2,smap30,1002.7,8,client(human),True
